Who,Team
Scott,USA
Scott,Argentina
Scott,Japan
Scott,Italy
Hugo,Brazil
Hugo,Germany
Hugo,France
Hugo,Morocco
Sam,England
Sam,Spain
Sam,Netherlands
Sam,Nigeria
Brendan,Mexico
Brendan,Canada
Brendan,Portugal
Brendan,Senegal
Isaac,Colombia
Isaac,Saudi Arabia
Isaac,Croatia
Isaac,Australia
Adrian,Belgium
Adrian,Iran
Adrian,Serbia
Adrian,Egypt
Alex,South Korea
Alex,Turkey
Alex,Ivory Coast
Alex,Chile
Mary,Switzerland
Mary,Uruguay
Mary,Cameroon
Mary,Indonesia
Keshy,Ecuador
Keshy,Peru
Keshy,Scotland
Keshy,Guinea
Jacob,Panama
Jacob,Bolivia
Jacob,Denmark
Jacob,Jamaica
Seth,Venezuela
Seth,Curaçao
Seth,Honduras
Seth,Albania
Ella,Qatar
Ella,Uzbekistan
Ella,Trinidad & Tobago
Ella,New Zealand
